event_id,reason,frame_count,start_time,end_time
127,Suspicious object detected,2,4.337666666666667,4.337666666666667
131,Suspicious object detected,3,4.471133333333333,4.471133333333333
159,Suspicious object detected,3,5.5055000000000005,5.5055000000000005
365,Suspicious object detected,6,12.379033333333334,12.379033333333334
376,Suspicious object detected,2,12.746066666666668,12.746066666666668
383,Suspicious object detected,6,12.979633333333334,12.979633333333334
393,Suspicious object detected,4,13.346666666666668,13.346666666666668
397,Suspicious object detected,4,13.480133333333336,13.480133333333336
401,Suspicious object detected,2,13.6136,13.6136
409,Suspicious object detected,6,13.880533333333334,13.880533333333334
466,Suspicious object detected,6,15.782433333333334,15.782433333333334
475,Suspicious object detected,4,16.082733333333334,16.082733333333334
526,Suspicious object detected,2,17.851166666666668,17.851166666666668
527,Suspicious object detected,2,17.884533333333334,17.884533333333334
